maxccf,lag,sig_tell
0.701424518635118,6,0.160128153805087
0.655860890865338,6,0.160128153805087
